,Epoch,elapsed,train_loss,train_accuracy,valid_loss,valid_accuracy,train_F1_<unk>,train_F1_<pad>,train_F1_the,train_F1_to,valid_F1_<unk>,valid_F1_<pad>,valid_F1_the,valid_F1_to
0,1,00:02:03,1.1419941186904907,0.7065110206604004,0.9917678833007812,0.9123868346214294,,0.6717379689216614,0.12960539758205414,0.0,,0.9490224719047546,0.5985815525054932,0.0
1,2,00:02:05,1.0314668416976929,0.888866126537323,0.9919937252998352,0.934718132019043,,0.9246127605438232,0.12520360946655273,0.002761968644335866,,0.9638381004333496,0.643025279045105,0.0
2,3,00:02:07,0.9931979179382324,0.9020302891731262,0.9598612189292908,0.8989230394363403,,0.9478169679641724,0.12508384883403778,0.014964880421757698,,0.9441686868667603,0.6319047808647156,0.02207062765955925
